,b'*Voc\xc3\xaa j\xc3\xa1 conhece a hist\xc3\xb3ria de vida do nosso Presidente Bolsonaro? Assista e compartilhe! *'
0,capitao ta tentando esconder o bolsonaro mas na propaganda eleitoral todo mundo chama ele de “candidato do bolsonaro”
1,"Muito parecido com o candidato falando do "" fundão da África""."
4,b'Chegada do presidente da boca maldita.'
7,Candidato é o caralh@! Jair Bolsonaro é o Presidente da República!
8,“O propósito é cumprir a lei” presidente @jairbolsonaro mostrando que no Brasil vale o império das leis. Excelente. Brasil porto seguro do investimento.
9,… que nojo dessa entrevista 
10,.. globolixo respeitem o Presidente.. bando de porcos .. #GloboLixo
11,#BonerVaiTomarNoCool
12,Quando for a vez do Lula também vamos querem ouvir ele .
13,Jogo aberto para para todos.
14,Não sou Bolsonaro e nem Lula quero a melhoria do meu  Brasil.
15,Não tenho político de estimação
16,cara é muito doido pensar q quem vai ganhar a eleição ou é lula ou é o bolsonaro kkkkkkkkkk tamo fodido
17,Não sabia que o presidente era gago.... Vivendo e aprendendo
18,Este é o matemático que quer ser Presidente. 
19,Ele acaba de exterminar toda a atual população brasileira e também os que ainda não nascerem. 
20,"O Brasil tem 3% da população do mundo, na pandemia aqui morreram 11% da população do mundo""???????????"
21,COMO FUNCIONAM AS ELEIÇÕES PRA DEPUTADO | Novo Episódio #CaféComBoulos. Assista pelo Youtube:
22,Em comum há o desespero liberal pela manutenção do status quo hegemônico.
23,Boa semana a todos.
24,Boa campanha para o nosso futuro governador @Haddad_Fernando e sempre presidente @LulaOficial
25,Socióloga da Nicarágua diz que o único país que defendeu os cristãos contra a tirania do presidente Daniel Ortega foi Bolsonaro; VEJA VÍDEO
26,Foi emocionante assistir de perto o discurso de nosso futuro presidente!!!
27,#CiroPresidente12
28,PASSANDO SO PRA LEMBRAR! 
29,Não esqueçam 22 - 22 de agosto #CapitaoDoPovoNoJN 
30,É o #CapitãodoPovo. É #PeloBemdoBrasil.
31,Inteligência não é o forte dos bozoafetivos.
32,"Acosta: ""Nossas eleições estão bem."""
33," Wolf: ""Há fraude em nosso sistema eleitoral."""
34," Acosta: ""Você está espalhando dúvidas e medo sobre nosso processo eleitoral."""
35," Acosta: ""Você assistiu a muitos filmes de conspiração."""
36,Quem se elegerá presidente da República em outubro próximo?
37,"Machine Learning Experiment tracking and Model registry that ""just works"". "
38,Set up in 5 min. Sign up Free.
39,Os candidatos da esquerda 
40,CHILE 
41,Apenas 5 meses após eleição o presidente de “esquerda” Gabriel Boric já começa descobrir com o choque de realidade causando queda brutal de popularidade!
44,o futuro presidente de 2060 está nesse momento decidindo se compensa comrpar aquele pod com 1000 puffs na promo
45,Presidente do Tribunal também deverá encontrar com autoridades da PF e com Rodrigo Pacheco
48,Aceita: A eleição acabou.
49,Bolsonaro está reeleito.
50,O choro é livre!
51,DESCOBRI 3 CANDIDATOS DOS 5 QUE VOCE VAI VOTAR NO DIA DA ELEIÇÃO
52,Eleição Presidencial - 
53,Vote 13
54,Vote Lula 
55,#LulaNo1ºTurno
56,Coritiba é o saco de pancadas de 2022. Parabéns ao G5:
57,PRESIDENTE 
58,JUAREZ MORAES E SILVA 
59,1º VICE-PRESIDENTE 
60,GLENN SÉRGIO MIKOSZ STENGER 
61, 
62,2º VICE-PRESIDENTE  
63,OSÍRIS PONTONI KLAMAS 
65,3º VICE-PRESIDENTE 
66,JAIR JOSÉ DE SOUZA  
68,4º VICE-PRESIDENTE 
69,MAURÍCIO GULIN
70,Vote 13 Lula Presidente já no Primeiro Turno
71,Jamais o Brasil precisou tanto que a verdade vença!
72,#LulaEoPTaVerdadeVencerá
73,#LulaPeloBrasilHaddadPorSP https
74,BOMBA 
75,Foi por causa desse vídeo....
76,Esse é o Brasil que queremos com Lula presidente. Obrigado por nos inspirar @pejulio
77,É LULA PRESIDENTE 
78,EU TO COM LULA
79,EU TO COM HADDAD 
80,@LulaOficial @geraldoalckmin @Haddad_Fernando
81,#LulaPresidente13
82,#HaddadGovernador13
83,Esse é o nosso presidente. Gente como a gente. Detalhe: NUNCA FOI CONDENADO POR CORRUPÇÃO.  
84,Bolsonaro
85,O Presidente Bolsonaro reduziu os impostos do WHEY PROTEIN 
86,Amigos que votam em Ciro e Tebet vamos brincar de VOTO ÚTIL e acabar logo com isso no primeiro turno. Já esta provado que vcs não vão conseguir eleger seus candidatos com todo respeito. Vamos dar PAZ para o Brasil. #votoutil13
89,#OlivioSenador131 #Equipe
91,Ciro PRECISA ser o presidente do Brasil!!!
92,#CiroComAndreMarinho
93,O Fluminense está simplesmente mostrando as fragilidades q a gestão n fez questão de consertar:
94, Contratações descentes e pontuais p/ repor jogadores importantes.
95, Oportunidade p/ base.
96, Lateral esquerdo descente.
97,Até o momento mais um vexame!
98,Pense bem nas eleições!
99,Então quer dizer que o Molusco confessou que mentiu nas campanhas pra ganhar as eleições? 
100,Então né?! Quem diria!
103,Vojvoda no Grêmio em 2023. Repitam esse tuite até algum candidato a presidência escutar
105,Olha isso gente ...É um risco grande não poder as FFAA fiscalizar essas eleições..
106,É impressão minha ou o desCONDENADO está com cara de choro olhando para o presidente Bolsonaro?
107,Alexandre de Moraes e todos os presentes no evento de posse do presidente do TSE: Muito obrigado por humilharem publicamente o B*lsonaro. Ganhei meu dia! #LulaPresidente13
108,ESQUERDISTAS ESTÃO TENTANDO CONFUNDIR ELEITORES DE BOLSONARO.
109,"SE PASSAM POR BOLSONARISTAS E PEDEM QUE ""VOTEM NO 17""."
110,O NÚMERO DE BOLSONARO NESSAS ELEIÇÕES É 22.
114,Sinceramente: nunca vi um presidente levar em público um esporro tão escandaloso. Sem que que seu nome tenha sido citado.  Mas foi pra ele.
115,Alexandre de Moraes diz que sistema eleitoral é “orgulho nacional” e o presidente Bolsonaro não aplaude.
116,Nosso presidente merece toda honra OLHA COMO ELE NOS REPRESENTA 
117,Meu Presidente Patriota 
120,Mais uma prova da picaretagem das pesquisas eleitorais.
121,HILÁRIO! Guga Noblat meio que admite que o Datafolha só acertou na última semana de 2018 o resultado da eleição e a Zoe Martinez não perdoou.
122,Hoje mais uma aula do candidato mais preparado!
123,#CiroNoRodaViva
124,MEU VOTO MINHA ESCOLHA.
128,Piperno acusando o Presidente de tentar prejudica-lo na emissora.
129,Mas qual vítima não gostaria de ver o criminoso sendo punido.
130,Fake News é crime!!
131,Jornalista tem imunidade absoluta?
132,https://twitter.com/Jeffers17486732/status/1559321354721173511/video/1…
133,Amanhã será o lançamento da campanha à reeleição de nosso presidente em Juiz de Fora - MG.
134,Atenção pessoal da imprensa: já já iremos disponibilizar uma base de dados com a lista de bens de todos os candidatos e candidatas que estão concorrendo nas eleições de 2022
135,Fica o recado ai pras eleições
136,Candidato a presidente pelo PT participou de Aula Aberta na Universidade de São Paulo (USP) na noite desta segunda-feira (15).
139,AGORA É OFICIAL
140,A partir de terça serei candidato a deputado estadual pelo PDT SP. Vamos mudar a cara da ALESP e transformar a política Paulista.
141,Vamos reconstruir o PDT em São Paulo e seremos a vanguarda de uma nova geração de trabalhistas.
142,Leiam como ele é educado!
143,Quem tem fome tem pressa.
144,E o Lula sabe disso.
145,Espera só mais um pouquinho pessoal.
146,Lula está voltando.
147,E nós já provamos do trabalho que Lula já fez no Brasil.
148,Lula Presidente do Brasil é 13
149,Um candidato retado cheio de talento? TEMOS! 
150,Aula do Padre Vandro durante a homilia! Os verdadeiros cristãos não votam em candidatos que defendem pautas que são totalmente contrários aos ensinamentos e vontades de Nosso Senhor Jesus Cristo!
156,O maior Presidente de todos os tempos!
157,Mineiros de Juiz de Fora e da zona da Mata dia 16/08 Bolsonaro lançará a sua campanha nessa maravilhosa cidade mineira! vamos todos juntos recepcionar o nosso Presidente e dá o pontapé inicial rumo à Vitória! #BolsonaroEmJuizDeForaPraVencer
158,É assim que iremos vencer o inferno! Não me venham com algo diferente disto! Só o SENHOR É O DEUS DO BRASIL! ELE IRÁ À SUA FRENTE PRESIDENTE! PODE IR!
159,Esse ano só vai dar BRASIL. Na eleição e na Copa do Mundo!!!! 
160,Hein amigos veja o que Geraldo Alkimin falou sobre seu voto o que pode acontecer se o PT ganhar as eleições agora está todos juntos pra saquear o povo e o Brasil
161, SERPRO EM GREVE
164,Valeu pela visita presidente 
165,É sobre isso que o Presidente @jairbolsonaro falou durante o debate.
166,Programa Eleitoral - Presidente - Lula - Noite - 30/08/2022
167,Na escalada do JN nenhuma palavra sobre os apartamentos comprados com dinheiro vivo pelo presidente e sua família.
168,O problema do Presidente…
169,Não tem quem segure esse tsunami do bem.
170,O Advogado do Cesare Battisti querendo buscando nos cantos obscuros algum motivo para incriminar o Presidente Bolsonaro.
171,Agora procurem saber quem são os administradores da AVINCO - Associação de Vítimas e Familiares de Vítimas da Covid-19 e a quem estão ligados e se surpreendam.
172,O Brasil despiorando… aí sim a culpa é de Bolsonaro… parabéns presidente! parabéns Paulo Guedes 
173,Um ministro do @STF_oficial disse que quem espalhasse fake News seria preso.
174,Ainda não vi ninguém sendo preso hj depois da escandalosa fake News contra o presidente e a primeira dama. 
175,#CapitaoNoRica
176,Como confiar? 
177,Quando irão abrir uma CPI pra investigar as VERDADEIRAS notícias falsas patrocinadas por essas pessoas e os responsáveis por essa plataforma?
178,Vice-presidente do Paraguai foi enquadrado por corrupção pelos EUA. Ele renunciou ao cargo e desistiu de ser candidato nas próximas eleições à presidência do país em 2023. O apoio internacional contra corrupção pode ser usado pelo Brasil também! 
179,https://app.vaquinhaeleitoral.com.br/c/arthur-weintraub-pmb…
184,Outros militares do governo tiveram a folha de pagamento turbinada naquele ano
185,Boulos em ato pela democracia: “O que está em jogo é uma batalha entre a democracia e a barbárie”
186,Leia: http://tiny.cc/hnfvuz
187,O presidente da Instituto de Pesquisa Genial Quaest disse que tem clientes que compram pesquisas e clientes que compram resultados.
188,A ORCRIM tem 1 BILHÃO pra gastar/comprar o que quiser!
190,IMPACTANTE! Presidente da Confederação da Agricultura (CNA) faz discurso forte contra a volta do Lula
191,Esquerdistas jogando bola com a cabeça do Presidente... Isso não é discurso de ódio né?
192,É show papai!!!
193,Vai ser de lavada no 1° Turno.
195,DIREITA FORTE E A MISSÃO ESPIRITUAL 12
196,Vamos orar pelo Brasil!
199,Ucrânia: Antes de ser presidente... Pegue todas as suas convicções hoje e imagine lutar pelo completo oposto. Qual é o seu preço? 
200,Esse é o resultado da entrevista do presidente Bolsonaro ontem. O pior cego é aquele que não quer enxergar. Uol elogiando é porque foi bom mesmo!
201,Concordo com vc Mara:
202,Aqui temos o presidente que FAZ!
203,#7DeSetembroVaiSerGigante
207,Eu q nn questionaria a habilidade do excelentíssimo presidente da OMS em lidar com essa situação
208,"O Twitter não está deixando compartilhar este post do Eduardo Bolsonaro... eleição "" democrática"" com CENSURA ditatorial?"
209,"Não anule seu voto. Vote em quem você quiser, porque a pior coisa é a omissão. Jesus morreu porque um cara lavou as mãos - Presidente @JairBolsonaro"
212,#BolsonaroReeleitoEm2022
213,Min. Fachin negou pedido do Ministério da Defesa de acesso a documentos de eleições passadas. Saber como foi é essencial para prevenir. Pelo art. 37 da Constituição deveriam ser públicos para todos os brasileiros. Me faz lembrar motorista que se recusa a soprar no bafômetro.
214,Vamos fazer tudo para salvar o Rio de Janeiro da ruína.
215,Mais uma FakeNews da grande inprensa!
216,Todo nosso apoio a Primeira-Dama!
217,Presidência da República: veja quem são os 12 candidatos
218,TSE está com medo dos técnicos das Forças Armadas terem acesso aos arquivos das eleições de 2014 e 18 . Tem caroço no angu.
219,"Sabemos que o Palmeiras é o favorito. Isso não se discute. Mas temos um elenco, uma comissão técnica e uma diretoria de futebol muito competentes."
220,Quem topa subir?
221,MENTIROSO DA REPÚBLICA
222,549.000 pessoas assistindo o Bolsonaro no Flow.
223,A anita que jurou que ia flopar o presidente tem menos de 100.000 no podcast concorrente...
224,Presidente no Flow tá bom demais.
225,Não tem hora pra acabar.
226,No YouTube tem 550 mil pessoas assistindo ao vivo.
227,Eis que surge o DataLIVE?
228, +550 mil pessoas ao vivo assistindo o presidente Bolsonaro no Podcast do Flow. O presidente mais popular deste país. É melhor Jair se acostumando...
229, Presidente se emocionou ao falar sobre a doença #BolsonaroNoFlow
233,Melhor presidente do Brasil 
234,A Usurpadora falando do presidente do Brasil #AUsurpadoraNoVIVA
237,Nosso presidente Bolsonaro sendo recebido com o carinho que ele merece! 
238,Presidente Jair Bolsonaro é vaiado em churrascaria em SP
239,Nosso candidato @Haddad_Fernando firme e forte pro debate na @BandTV
240,Romanos 12:2
241,Não é só uma Eleição e luta do Bem  Contra o Mal.
242,Já estou pronta para apresentar nosso programa e debater com os demais candidatos. 
243,#ViviMottaDebate #DebateNaBand
244,#ElvisNaBand
245,Agradecido Presidente!
246,Tem que sair às ruas no dia 7 de setembro e ficar até o dia das eleições!
247,Presidente @JairBolsonaro e Michelle Bolsonaro ovacionados por multidão em Recife!
248,"O NORDESTE SABE O QUE QUER 

QUER O PRESIDENTE BOLSONARO E A  NOSSA TROPA!!!"
249,Vergonha alheia kk
250,Lula não escolheu mulher NEM PRA VICE e ainda escolheu alguém que foi a favor do impeachment. 
251,Vamos fazer uma campanha muito forte pra reelegermos o nosso presidente Bolsonaro. 
252,Jutos somos mais fortes. 
253,*Aí gente!*
254,*O Gota Serena conseguiu!*
255,*Realizou seu sonho!*
256,Marcha Pra. Jesus Recife/PE 6 Agosto 2022 mídia não mostra escondem isso
257,Mais todos nós sabemos que será no primeiro turno!!)
258,Nosso presidente é um homem de Deus. 
259,#marchaparaJesus
260,#capitaodopovo
261,@BolsonarosMundo
262,@BolsonarosORG
263,@freu_rodrigues
264,@Callas_Brasil
265,@maravapi
266,Lembrando que ele e @ArthurWeint são candidatos a Dep Federal em SP pelo @Brasil35SP .
267,https://youtu.be/-RcZMdKhvLQ
268,APÓIEM! DIVULGUEM. 
269,@VictorMetta
270,O que me impressiona é que eles tomam esta atitude sem nenhum constrangimento perante à opinião pública! É muita çara de pau! O mínimo que temos que fazer é saber quais deputados do seu Estado estarão na lista e não votar nas próximas eleições!
271,O Candidato Mais Preparado a Presidente O Felipe DAvila
272,@lfdavila #FelipenoJN
273,Presidente hoje na Marcha para Jesus em Recife/PE. 06/08/2022
274,Terei que votar no Márcio França p/ o Senado/SP p/ tentar evitar a eleição de Janaína Paschoal.
275,Terei que votar no Rodrigo França p/ o Governo/SP p/ tentar evitar Tarcísio no 2° Turno.
276,Meus únicos votos por admiração serão na Simone Tebet p/ Presidência e no Villa p/ Dep. Fed.
279,Esse é o tratamento que o Sérgio Moro está encontrando em Curitiba.
283,Presidente é ovacionado ao discursar no Parque de Exposições João Alencar Athayde em Montes Claros/MG. 05/08/2022
284,Quem tá comigo na missão de eleger o primeiro deputado federal assumidamente LGBT do Ceará?* 
285,- Dr. Luciano (DC)
286,- Irajá Abreu (PSD)
287,- Karol Chaves (PSOL)
288,- Paulo Mourão (PT)
289,- Ronaldo Dimas (PL)
290,- Wanderlei Barbosa (Republicanos)
297,Morei no exterior durante anos mas escolhi voltar ao Brasil. Sabe por que? porque eu amo o meu país! Não existe lugar melhor para viver. Eu escolhi lutar pela minha pátria ao lado do presidente Bolsonaro.
298,#netinhodabahia #netinhooficialbrasileiro #netinho #bolsonaro #salvador #bahia
299,Presidente @JairBolsonaro obviamente na frente! Aos poucos estão sendo obrigados a ajustar! 
300,A luta aqui é por um Brasil melhor com @LulaOficial presidente. 
301,Faz o L 
302,#CidadãBeneméritaBeneditadaSilva
307,E o presidente lendo os MAS da mídia. 
308,@jairbolsonaro
309,#CapitaoDoPovoNoJN
310,Estava pensando aqui:
311,- E se esses calotes estaduais BILIONÁRIOS que o STF está permitindo que os governadores deem no presidente (União) forem descontados das mordomias do Supremo?
312, Assunto do Brasil agora no twitter BOLSONARO NA JAULA
316,Meus votos até o momento:
317,Presidente: Lula
318,Governador: Jerônimo 
319,Senador: Tâmara Azevedo 
320,Deputado Federal: Zé Neto 
321,Deputado Estadual: aceito currículo
322,Estamos vivendo um passo a passo clássico de um escândalo no RJ. O governador passou o primeiro degrau - abriu uma comissão de auditoria -: o segundo - demitiu o presidente da Ceperj. Terá que convencer a todos que não sabia dos R$ 226 milhões em espécie. +
323,Presidente @jairbolsonaro sancionou hoje (04Ago) projeto que institui o piso salarial da Enfermagem.
324,É Leila Governadora do DF e Ciro Presidente do Brasil! Que energia tem essa mulher @leiladovolei !
325,Sua memória será honrada. Seus feitos serão lembrados. Sua história será contada.
326,Seu legado será mantido. 
327,De geração em geração.
328,Descanse em paz.
334,Generais do Governo acompanham de perto a posse do novo presidente do Superior Tribunal Militar 
335,Procuraremos aproximar ainda mais o STM e a Justiça Militar da sociedade brasileira.
336,Alguém avisa o Poste que o Presidente Bolsonaro vetou e o PT votou para aprovar.
337,O povo está aí! #Lula presidente
339,Outra dia perguntei em que galáxia vivem os ministros.
340,Querem controlar o que os candidatos falarão?
341,A esquerda vomita abobrinhas o tempo inteiro ninguém mexe com eles?
342,O sistema coren cofen podia pelo menos usar nosso dinheiro pra fazer comoção nacional na televisão para o presidente aprovar o piso né
343,Parem de MENTIR!!!  @cartacapital
344,Alo @erlan_bastos o Ceara nao merece um candidato como vc! Fofoqueiro e mentiroso!Alo @republicanos10 @republicanosce
345,"Matéria faz parte de pacote apresentado pela ""bancada da bala"" às vésperas das eleições de outubro; texto segue para o Senado."
346,O presidiário vai buscar apoio em Teresina.
347,Candidato com 497% de intenção de voto de desjornalista é assim.
348,Fenomeno.
349,O presidente Jair Bolsonaro cancelou a participação que faria em dois eventos em São Paulo no dia 11 de agosto. @ECantanhede analisa no #EmPauta: http://glo.bo/3zzo4QW #GloboNews
350,Esse calote bilionário tem apenas um único objetivo: prejudicar o governo do Presidente @jairbolsonaro
351,A juventude precisa estar cada vez mais engajada na mudança da nossa pátria! 
352,Por que o candidato do Bolsonaro entrou na justiça para censurar este vídeo?
353,Saudades quando eu era candidato!!!
354,Enfim se não tivesse rabo grande ninguém conseguiria pegar nada!
355,Agora é Ciro Presidente 
356,Divulgamos um dia antes das eleições de 2020: https://bit.ly/3Tt2WoI
357,Fiquemos de olho!
358,quantos trad que tem na política mds do céu toda eleição aparece um novo
361,Ninguém: a
362,DIREITA FORTE E OS CANDIDATOS APOIADOS PELO PRESIDENTE
363,Anotem e divulguem em seu respectivo Estado.
364,#DireitaForte
365,#BolsonaroNoPrimeiroTurno
366,Apresentamos a todos nossos integrantes e público geral nosso candidato a deputado federal nessas eleições.
367,Um presidente tão despreparado que consegue transformar um debate em um incidente internacional.
370,"Tablet e ""Cornos com Bolsonaro"": Termos bombam no Twitter após presidente responder humorista | Revista Fórum"
371,Eu apoio meu Presidente
372,Ciro Gomes será o próximo presidente do Brasil!
373,Paulo Pimenta na TV GGN: As eleições deste ano e a atual conjuntura política brasileira https://twitter.com/i/broadcasts/1eaJbNaZmnVJX…
375,Assista agora a entrevista exclusiva do presidente Bolsonaro
376,URGENTE: VICE- PGR volta a pedir que o STF arquive o inquérito que apura se o Presidente Jair Bolsonaro vazou dados sigilosos de uma investigação da PF que apura suposto ataque ao sistema interno do TSE.
377,O choro é livre @carlaopignatari @rodrigogarcia_ . Eleições a caminho  e vcs ainda não perceberam o mal que nos faz? Manifestem-se quanto ao confisco dos aposentados @tarcisiogdf @fernandohaddad @ViniciusPoit @colombopcb #RodrigoGarciaNunca
378,NÃO ESQUECER: Tão importante quanto eleger Lula presidente é eleger deputados e senadores comprometidos com o projeto de reconstrução do Brasil que Lula defende.
379,Faltam 62 dias...
380,Preste bem atenção...Se está chapa vencer as eleições é  porque a fraude aconteceu! Não  há outra explicação...Quem vota no Alkmin? Quem ainda votará  no Molusco? Com essa insistência do @TSEjusbr em não  acatar nossas dúvidas...
383,Pela cobertura do UOL até parece que a Simone Tebet é relevante nessa eleição
384,Em minutos veremos o nosso futuro presidente @LulaOficial no #DebateNaBan. 
385,Ver Educação e Escola como assuntos mais pesquisados quando associados às eleições demonstra o interesse dos brasileiros e brasileiras no assunto. Não tem como candidatos/as correrem de se posicionar! #DebateNaBand
387,O cara foi condenado por diversos juízes e hoje está em um debate como candidato à presidência da república.
388,Surreal demais!
389,Por que tá sinalizando ali que esse candidato é NOVO se eu tô vendo aqui que ele é bem velhinho?
390,Só vem presidente 
391,#LulaNaBand
392,Veja a preparação para o primeiro debate presidencial das Eleições 2022. Todos os candidatos já chegaram à sede da Band em São Paulo. #Eleições2022
399,Não votem em candidatos desses partidos! 
400, POR ELEIÇÕES DEMOCRÁTICAS! 
401,Amanhã estaremos juntos em frente à Band para cobrar democracia nesse processo eleitoral! 
402,Eleições sem Leo Péricles no debate é racismo estrutural! Queremos dar voz ao povo negro e nossas pautas! 
403,#LeoNosDebates
404,#LeoESamara2022
405,#UP80
406,O q dizer do bonaro..
408,MTV? Não. 
409,Multishow? Também não. 
410,Essa é a nova #CiroTV com o próximo presidente do Brasil. 
411,Propaganda eleitoral do nosso Presidente!
412,Quem levanta suspeitas sobre o agronegócio é contra o agro.
413,#HeinzeNoPainelRBS #PorUmRioGrandeGigante
414,Um excelente resultado pensando no campeonato! 
415,Palmeiras sai de uma sequência contra 3 candidatos diretos com uma boa vantagem! 
416,Seguimos. VAMOS POR MAIS! 
417,Bolsonaro criou o maior programa social que beneficiou 68 milhões de brasileiros. Hoje 20 milhões de pessoas recebem o Auxílio Brasil de R$ 600. E Bolsonaro já garantiu: Auxílio Brasil será mantido enquanto ele for presidente.
418,A oração feita por um justo pode muito em seus efeitos.Tiago 5:16
419,Em 2010 quem era o presidente?
420,Sem pandemia de covid e sem guerra da Rússia contra a Ucrania.
421,Dois fatos.
422,Grêmio. Um ponto nos últimos três jogos. Duas partidas em casa.
423,Agora vamo fazer silêncio pro pessoal de direita ver se o cérebro pega no tranco pra eles verem que tem como votar em candidato razoável ao invés de um maluco absolutamente incapaz.
424,São Paulo tem o melhor candidato ao governo!
425,Caso você não saiba…Quem é Dario Messer? Presidente Bolsonaro te conta sobre esse personagem nefasto dos governos petistas
426,MEU PRESIDENTE É LUIZ INÁCIO LULA DA SILVA!!
427,Candidatos para evitar a todo custo: 
428,- Quem diz que defende a família (são moralistas safados e mentirosos)
429,- Qualquer um que fale em Deus
430,A pérola de hoje do presidente é que ele não vê ninguém passando fome no Brasil. Ele não vê ninguém pedindo pão. ELE NÃO VÊ.
431,A eleição do Grêmio tá batendo na porta e tem banana que fez parte dessa gestão pagando de grande gestor vitorioso outsider. É isso que o torcedor quer pro Grêmio? Essa mediocridade? Essa falta de repertório? Se apegar ao passado pra pensar o futuro?
432,candidato qual o seu mbti
433,#AOVIVO Lula (PT) responde a pergunta sobre economia #JN
434, Acompanhe a cobertura: http://glo.bo/3RcfDT9
435,#JornalNacional #LulaNoJN #Eleições
436,Que homem! Que presidente!  Lula no Jornal Nacional #LulaNoJN
437,Que orgulho do meu Presidente
438,#LulaNoJN 
439,Essa é a importância de votar em candidatos de esquerda #LulanoJornalNacional
440,reitero aqui: vou afundar 13 tão forte nas urnas que o querido candidato lula sentirá a dedada no cu dele
441,@LulaOficial #LulaNoJN
442,"Espero que a sociedade brasileira aprenda nessas eleições: o congresso é resultado da consciência da sociedade. Não votem com rancor, votem com consciência. (Lula) #JN"
449,Espero que o povo entenda que o congresso nacional é o resultado do seu estado de espírito no dia da eleição. É isso. É isso.
450,É preciso alavancar os candidatos da esquerda nas eleições legislativas. #LulaNoJN
451,senhor candidato quais são suas propostas pra trazer a ariana grande de volta pro brasil?
452,Ia votar em um candidato a Deputado Federal @PDTPara mas fui olhar no Facebook do cara e não vi @cirogomes no material de campanha. Não voto em quem não faz campanha OSTENSIVA p Ciro. O PDT é CIRO ou não será nada! Já disse @CaboDaciolo!
453,Ausência da sigla partidária em questionário motivou justiça a suspender pesquisa Datafolha na BA:
454,ATLAS (quando os candidatos são apresentados com o partido)
455,Jerônimo PT 38%
456,Datafolha (Quando os candidatos são apresentados sem partido)
457,ACM 54%
458,Jerônimo 16%
459,LULA o candidato mais preparado de todos.
460, #LulaNoJN
469,Com o presidente/candidato
470,Jair Messias Bolsonaro em Belo Horizonte -  24/08/2022 -  O presidente mais popular da história do Brasil.  
471,Forças Armadas Defesa
472,7 de setembro
473,#ParabensFelipePresidente 30
474,ACORDA BRASIL!! 
475,Por que esse comportamento extremamente violento? 
476,#GloboLixo O Bolsonaro 
477,JAIR PRESO Presidente
478,JANONES EU AUTORIZO
479,BOLSONARO CAGÃO 
480,#LulaNoJN #LulaNo1ºTurno
489,Chama as LGBTQIA+ 
490,Já tá com a roupa de ir?
491,#lgbt
492,CIRO FOI DIVULGAR O PRÓPRIO LIVRO E DISSE QUE TEM GENTE JÁ COLOCANDO PRA BAIXAR DE GRAÇA NA INTERNET
493,MITADA DO PRESIDENTE CIRO GOMES
494,Uma verdade precisa ser dita: o Ciro possui um nível absurdamente muito maior do que todos os outros candidatos. #CiroNoJN
495,Ciro falando da questão ambiental nem parece que tinha a Kátia Abreu como vice na última eleição.
497,Cícero Silva era empresário e Presidente da Câmara de Juazerinho/PB. Havia se submetido a todas as doses e ao reforço recentemente. Teve um infarto fulminante em 22/08/2022. A OMS já divulgou alertas sobre o risco do experimento causar problemas cardíacos.
