Window seat or aisle? After this, you will think twice! 
Deixa eu entender: sou um presidente eleito democraticamente, é decisão minha, como representante do povo me associar a um grupo de países e o meu vizinho determina que meu país não pode e resolve usurpar nossa SOBERANIA, daí conclamo quem me elegeu a lutar por ela, tô errado? 
Falou o sujeito que virou as costas para um Presidente descente e está próximo de um ex-presidiário.
Alguém que enganou toda a Polícia do seu estado na candidatura dizendo que seria a segunda mais bem paga.
Fala o que todos querem ouvir só até ganhar um mandato.
Resumindo, nada diferente do que muitas pessoas falam sobre o presidente diariamente..
Colocaram no meio até a recusa dele em usar máscara hahahaaha
Inacreditável
Governo confirma nomeação de Daniella Marques como presidente da Caixa:
Moro perdeu mais uma para Presidente Bolsonaro. Engole o choro marreco!! 
Deixa eu entender: sou um presidente eleito democraticamente, é decisão minha, como representante do povo me associar a um grupo de países e o meu vizinho determina que meu país não pode e resolve usurpar nossa SOBERANIA, daí conclamo quem me elegeu a lutar por ela, tô errado? 
Jamil Chade, repórter internacional, confirma que NÃO HOUVE telefonema de Bolsonaro e Putin.

Bolsonaro MENTIU que tinha conversado por DUAS HORAS com o presidente da Rússia.
O Burguer King é do globalista Lehmann mas essa propaganda desperta sobre NÃO VOTAR NULO.

Passe pros seus amigos isentôes, que não gostam de política ou não gostam do Presidente porque ele fala palavrão.

Nunca foi tão fácil escolher BOLSONARO 2022

VOTE 22
Hahahahahaha! Nem chega aos pés de nosso Presidente, te conforma ok 
Segundo resultados das novas pesquisas.. Bolsonaro perde para todos candidatos .
Maio de 2018. Ops, 2022.
eu a ver as eleições
Polícia prende a namorada do homem que tentou atirar na vice-presidente do país, Cristina Kirchner

Assista agora ao #JornalDaRecord http://r7.com/0tcN #JR24H
Então o "orçamento secreto" é votado pelo Congresso e é impositivo...obrigando o Presidente a pagá-lo, pois é constitucional?
Hahahahahaha! Nem chega aos pés de nosso Presidente, te conforma ok 
Não posso opinar. Não tenho foro. Mas meu presidente é Luiz Inácio Lula da Silva.
É sobre isso que o Presidente @jairbolsonaro falou durante o debate.
Mas falando baixinho aqui, mesmo com alguma torcida e esperança, eu ainda trabalho todo no pessimismo em SP. Eu conheço isso aqui demais pra nunca confiar.

Por mim fazia a eleição logo no domingo que vem.
O despertar de um povo. O Bolsonaro já entrou para a história do Brasil como o homem que acordou uma nação. Obrigada por tudo, Presidente Jair Messias Bolsonaro.
Só inveja, pois o presidente deles contruiu foi orçamento secreto, 100 anos de sigilo para corrupção  de seu governo.
Construiu imóveis, e os pastores receberam ouro.
Deixando trinta milhões de desempregado e 33 milhões de pessoas passando fome.
A PEC do fim do mundo, que dá  plenos poderes ao Hitler  Tupiniquim, será  votada amanhã  às  16h, mobilização  nos perfis oficiais  dos senadores, isso é  um escárnio  faltando 3 meses para as eleições
#PEC16NAO
Não posso opinar. Não tenho foro. Mas meu presidente é Luiz Inácio Lula da Silva.
Com #Heineken00 a diversão é garantida. #BrindarSemÁlcool #ProdutoDestinadoaAdultos
Mas falando baixinho aqui, mesmo com alguma torcida e esperança, eu ainda trabalho todo no pessimismo em SP. Eu conheço isso aqui demais pra nunca confiar.

Por mim fazia a eleição logo no domingo que vem.
Com #Heineken00 a diversão é garantida. #BrindarSemÁlcool #ProdutoDestinadoaAdultos
Só lembranças boas do Castelo Rá-Tim-Bum, né? Imagina o q senti ao ver a Biba voltando pra lá.
Confesso que fiquei morrendo de saudade.
Se vc ainda não viu, assista e já se prepare para senha do porteiro pra entrar no Castelo novamente  #OreoVoltaCastelo @OreoBrasil #publi
Lancei a braba aproveitando a visita do presidente ao estado!
EUA sanciona russos por interferência nas eleições americanas
Socialistas vencem eleições em Portugal e devem conquistar surpreendente maioria https://otempo.com.br/mundo/socialistas-vencem-eleicoes-em-portugal-e-devem-conquistar-surpreendente-maioria-1.2604500?utm_term=Autofeed&utm_medium=Social&utm_source=Twitter#Echobox=1643583553…
Mathias Alencastro: Eleição leva Portugal mais à esquerda e expõe crise da direita democrática
A resposta você terá depois das eleições.
Lula já disse que o projeto dele será revelado só depois das eleições.
É o autêntico candidato Kinder ovo.
Não fazem um mínimo de esforço para tentar baixar o valor da gasolina, claro, depois é só colocar a culpa no Presidente! 

Estados fazem ‘força-tarefa’ em reunião com Pacheco para evitarem fixação do ICMS e redução do preço da gasolina
Governo confirma nomeação de Daniella Marques como presidente da Caixa:
A resposta você terá depois das eleições.
Lula já disse que o projeto dele será revelado só depois das eleições.
É o autêntico candidato Kinder ovo.
Honestamente! Com a experiência dele em eleições, sabe q não tem a menor chance de ir pro 2º turno! E dizer q não apoiaria o Lula, deixou claro q apoiará Bolsonaro (mesmo indo novamente pra Paris)!
O rancor faz isso, afunda as pessoas!
EUA sanciona russos por interferência nas eleições americanas
O jornalista e apresentador texano, Alex Jones da InfoWars (EUA), fala sobre o perfil do presidente @jairbolsonaro, além de avaliações de outros presidentes e ex-presidentes, e justifica o porquê se faz necessário termos "100 Bolsonaros".
Honestamente! Com a experiência dele em eleições, sabe q não tem a menor chance de ir pro 2º turno! E dizer q não apoiaria o Lula, deixou claro q apoiará Bolsonaro (mesmo indo novamente pra Paris)!
O rancor faz isso, afunda as pessoas!
Na guerra não existe vencedores,não torço para nenhum lado,pois isso não é jogo e no fim as populações dos dois países vão sofrer enquanto políticos com egos inflamados manipulam a mídia e a informação.fica o alerta para as eleições desse ano para a população não eleger lunático.
Parabéns, ser escolhido pelo Presidente Bolsonaro é pra poucos.
Programa Eleitoral - Presidente - Lula - Noite - 30/08/2022
Falou o sujeito que virou as costas para um Presidente descente e está próximo de um ex-presidiário.
Alguém que enganou toda a Polícia do seu estado na candidatura dizendo que seria a segunda mais bem paga.
Fala o que todos querem ouvir só até ganhar um mandato.
ATENÇÃO: Bolsonaro não conversou hoje com Putin, explica Itamaraty. Ao falar mais cedo, e reafirmar neutralidade, presidente se referia às 2 horas de conversa ao vivo, na visita a Moscou. NÃO HOUVE telefonema neste domingo. Informa Ass.deImprensa do Gab. do ministro Carlos França
Vamos aumentar essa margem gente, bora lá ajudar o nosso Presidente.

Cliquem no link e votem.

#BolsonaroReeleitoNoPrimeiroTurno
https://eleicoesaovivo.com.br/novaenquete?l=brasil#.YpVEw2f8BJg.twitter…
Governo confirma nomeação de Daniella Marques como presidente da Caixa:
Meu candidato na UERJ dando um show!!!!
#CONVERSADEPOLÍTICA: @BernardoMF fala o Datafolha que demonstra que, ao contrário da eleição de 2018, que tinha como estratégia a antipolítica, em 2022, a preocupação é a economia do país. #Eleições2022 #Economia #Inflação #NoArNaCBN
Deixa eu entender: sou um presidente eleito democraticamente, é decisão minha, como representante do povo me associar a um grupo de países e o meu vizinho determina que meu país não pode e resolve usurpar nossa SOBERANIA, daí conclamo quem me elegeu a lutar por ela, tô errado? 
Acha que o mais razoável a fazer seria os pastores não esboçar apoio em nenhum candidato, Zé?! Penso que seja uma questão muito delicada para eles tbm, uma vez que a polarização é nítida e há cobranças… sem fazer que a população em geral está muito politizada…
Não posso opinar. Não tenho foro. Mas meu presidente é Luiz Inácio Lula da Silva.
23:59 - antes de @ArthurLira_ ser Presidente da Câmara
24:00 - durante sua Presidência da Câmara.
Só não vê quem não quer.
Simples assim.
#ArthurLiraPauteACautelarDoDanielSilveira
L DE LUDMILLA PRA NOVA PRESIDENTE DO BR
Governo confirma nomeação de Daniella Marques como presidente da Caixa:
 VEJA! PT do Rio acaba de confirmar que NÃO vai apoiar Molon ao Senado nas eleições 2022.
Passando eleições...
RÚSSIA X UCRÂNIA • O presidente da Ucrânia, Volodymir Zelensky, aceitou neste domingo (27) iniciar conversas em busca de paz na região. 

Acompanhe no site:
RÚSSIA X UCRÂNIA • O presidente da Ucrânia, Volodymir Zelensky, aceitou neste domingo (27) iniciar conversas em busca de paz na região. 

Acompanhe no site:
Jamais haverá Imparcialidade ou Legitimidade no processo destas eleições enquanto Ministros do STF tbm fizerem parte do TSE.
Mathias Alencastro: Eleição leva Portugal mais à esquerda e expõe crise da direita democrática
Window seat or aisle? After this, you will think twice! 
Mathias Alencastro: Eleição leva Portugal mais à esquerda e expõe crise da direita democrática
Daniella Marques foi nomeada por Bolsonaro como nova presidente da Caixa, em substituição a Pedro Guimarães, que pediu demissão após denúncias de assédio sexual. @ECantanhede comenta no #EmPauta: http://glo.bo/3y6NLrC #GloboNews
O desespero da turma do Lula é gritante. Estão enlouquecidos e raivosos. Ao que se vê pelas ruas, a eleição está definida. BOLSONARO será reeleito presidente. O que oscilará até 2 de outubro é o tamanho da derrota do Lula.
#CONVERSADEPOLÍTICA: @BernardoMF fala o Datafolha que demonstra que, ao contrário da eleição de 2018, que tinha como estratégia a antipolítica, em 2022, a preocupação é a economia do país. #Eleições2022 #Economia #Inflação #NoArNaCBN
A resposta você terá depois das eleições.
Lula já disse que o projeto dele será revelado só depois das eleições.
É o autêntico candidato Kinder ovo.
Com #Heineken00 a diversão é garantida. #BrindarSemÁlcool #ProdutoDestinadoaAdultos
A Gupy é muito ruim, você sinceramente não consegue fazer um currículo interessante, não tem campos suficientes pra isso. Outra coisa é que eles utilizam uma IA pra classificar os candidatos para a vaga de acordo com alguns critérios (????), e muitas outras coisas bem ruins.
If you are looking to work or immigrate to #Canada, we are here for you! Apply today to learn which Canadian program you qualify to apply for and receive answers to your questions.
Hahahahahaha! Nem chega aos pés de nosso Presidente, te conforma ok 
Parabéns, ser escolhido pelo Presidente Bolsonaro é pra poucos.
Como falar agora só segunda sem falar agora só segunda. É só mandar um TikTok. A gente se fala com um TikTok. Baixe o app e fale também.
#CONVERSADEPOLÍTICA: @BernardoMF fala o Datafolha que demonstra que, ao contrário da eleição de 2018, que tinha como estratégia a antipolítica, em 2022, a preocupação é a economia do país. #Eleições2022 #Economia #Inflação #NoArNaCBN
Parabéns, ser escolhido pelo Presidente Bolsonaro é pra poucos.
Toc, toc, toc... Klift kloft still, a porta se abriu! Reviva seus personagens favoritos com seus filhos. Se tem Oreo e família toda reunida, a magia acontece. #ContinueBrincante  #OreoVoltaCastelo 
Imagina você tem o perfil dedicado ao clube há três anos, postar conteúdos sobre o time mesmo com pouca gente interagindo, cobrir os jogos, apoiar e etc

Pra vir o presidente do clube e tentar te fuder dessa maneira

Na boa, é complicado demais
Bolsonaro, Michelle e Damares recebem evangélicas em culto no Alvorada.

Em aceno ao eleitorado feminino, presidente tenta reverter rejeição entre mulheres. Em debate, candidato à reeleição atacou uma jornalista. #Eleições2022

Leia: https://cutt.ly/QCwzm7z
Votei a favor do piso salarial da Enfermagem. Infelizmente, o ministro Barroso suspendeu o aumento, receoso de as unidades de Saúde, sobretudo as Santas Casas, não terem condições de arcar com o incremento. O reajuste na tabela SUS é urgente e um compromisso meu como presidente.
Não posso opinar. Não tenho foro. Mas meu presidente é Luiz Inácio Lula da Silva.
A única coisa boa destas eleições finalmente aconteceu  estava a ver que não
Window seat or aisle? After this, you will think twice! 
-Menino fardado de PM
-Homenageia Presidente Bolsonaro
-Cita versículo bíblico
-Canta hino nacional
Tem como irritar mais a esquerda?

*Vídeo: Republicanos lança candidatura @tarcisiogdf governador SP + apoio ao PR @jairbolsonaro
Deixa eu entender: sou um presidente eleito democraticamente, é decisão minha, como representante do povo me associar a um grupo de países e o meu vizinho determina que meu país não pode e resolve usurpar nossa SOBERANIA, daí conclamo quem me elegeu a lutar por ela, tô errado? 
A finalizar: Nada disso é segredo no partido. As pessoas que deviam saber, sabem - e contemporizam, minimizam, negam, postergam o debate 'pra depois da eleição'. Esse 'depois' já É tarde demais. O ovo da serpente já chocou e agora começa a rastejar pra outros partidos de esquerda
meu presidente é lindo e fofo e o de vcs? @cirogomes
#CONVERSADEPOLÍTICA: @BernardoMF fala o Datafolha que demonstra que, ao contrário da eleição de 2018, que tinha como estratégia a antipolítica, em 2022, a preocupação é a economia do país. #Eleições2022 #Economia #Inflação #NoArNaCBN
A Gupy é muito ruim, você sinceramente não consegue fazer um currículo interessante, não tem campos suficientes pra isso. Outra coisa é que eles utilizam uma IA pra classificar os candidatos para a vaga de acordo com alguns critérios (????), e muitas outras coisas bem ruins.
Mas falando baixinho aqui, mesmo com alguma torcida e esperança, eu ainda trabalho todo no pessimismo em SP. Eu conheço isso aqui demais pra nunca confiar.

Por mim fazia a eleição logo no domingo que vem.
Human Rights Watch afirma que envolvimento de militares no processo eleitoral indica preparação para contestar resultado da votação.

Edson Fachin, presidente do TSE, afirma que Corte está aberta a "cooperação" com militares, mas "intervenção, jamais".
Com #Heineken00 a diversão é garantida. #BrindarSemÁlcool #ProdutoDestinadoaAdultos
Falou o sujeito que virou as costas para um Presidente descente e está próximo de um ex-presidiário.
Alguém que enganou toda a Polícia do seu estado na candidatura dizendo que seria a segunda mais bem paga.
Fala o que todos querem ouvir só até ganhar um mandato.
Primeiro-ministro socialista vence eleições em Portugal. A abstenção na eleição chilena foi de 53%, agora a abstenção em Portugal é uma das mais altas na Europa, 49%. Não ir votar deixa margem para os ratos tomarem conta! https://fleekus.com/b/julio-schneider/article/primeiro-ministro-socialista-vence-eleicoes-em-portugal-gaofr… via @vuejs
PF conclui que presidente Bolsonaro não cometeu crime na suposta tentativa de interferir na corporação

 Confira as principais notícias do dia no #JornalDaRecord http://r7.com/ocCY #JR24H
Honestamente! Com a experiência dele em eleições, sabe q não tem a menor chance de ir pro 2º turno! E dizer q não apoiaria o Lula, deixou claro q apoiará Bolsonaro (mesmo indo novamente pra Paris)!
O rancor faz isso, afunda as pessoas!
“A propaganda é de um presidente simples que derruba farofa de frango na roupa. Tudo isso no dia em que são revelados os gastos do cartão corporativo e se apura que ele gastou R$ 822 mil por mês desde o início do mandato. Bolsonaro é uma fraude”.
Acha que o mais razoável a fazer seria os pastores não esboçar apoio em nenhum candidato, Zé?! Penso que seja uma questão muito delicada para eles tbm, uma vez que a polarização é nítida e há cobranças… sem fazer que a população em geral está muito politizada…
Paulo Guimarães só não foi remanejado pra presidência do Cabaré pq o Cabaré já tem presidente
EUA sanciona russos por interferência nas eleições americanas
Bolsonaro: BBC explora círculo íntimo do presidente em documentário
Não existe um motivo sequer pra votar no Lula. Nem pra tirar o Bolsonaro, pra isso a gente tem outros candidatos. 

Quem continua defendendo o Lula a essa altura do jogo é tão imundo quanto os bolsonaristas
Acha que o mais razoável a fazer seria os pastores não esboçar apoio em nenhum candidato, Zé?! Penso que seja uma questão muito delicada para eles tbm, uma vez que a polarização é nítida e há cobranças… sem fazer que a população em geral está muito politizada…
If you are looking to work or immigrate to #Canada, we are here for you! Apply today to learn which Canadian program you qualify to apply for and receive answers to your questions.
RÚSSIA X UCRÂNIA • O presidente da Ucrânia, Volodymir Zelensky, aceitou neste domingo (27) iniciar conversas em busca de paz na região. 

Acompanhe no site:
Mathias Alencastro: Eleição leva Portugal mais à esquerda e expõe crise da direita democrática
If you are looking to work or immigrate to #Canada, we are here for you! Apply today to learn which Canadian program you qualify to apply for and receive answers to your questions.
If you are looking to work or immigrate to #Canada, we are here for you! Apply today to learn which Canadian program you qualify to apply for and receive answers to your questions.
Pobre não é bobo, sabe QUEM sempre colocou pobre no orçamento em seu governo e quem lembrou que existia pobre no país há 40 dias da eleição, @MonicaWaldvogel
A Gupy é muito ruim, você sinceramente não consegue fazer um currículo interessante, não tem campos suficientes pra isso. Outra coisa é que eles utilizam uma IA pra classificar os candidatos para a vaga de acordo com alguns critérios (????), e muitas outras coisas bem ruins.
impossível não ficar nostálgico depois de ver o reencontro da biba e do nino que a @oreobrasil trouxe pra gente
vocês já viram o filme? tá a coisa mais linda, meu coração não aguenta! #OreoVoltaCastelo #publicidade
Daniella Marques foi nomeada por Bolsonaro como nova presidente da Caixa, em substituição a Pedro Guimarães, que pediu demissão após denúncias de assédio sexual. @ECantanhede comenta no #EmPauta: http://glo.bo/3y6NLrC #GloboNews
Pacheco disse q levantar dúvidas s/as eleições “não tem cabimento” e q“o TSE está empenhado em dar toda a transparência ao processo”.Já Lira afirmou q o processo eleitoral brasileiro é referência.“Pensar diferente é colocar em dúvida a legitimidade d todos nós, eleitos”(Poder360)
Hahahahahaha! Nem chega aos pés de nosso Presidente, te conforma ok 
Honestamente! Com a experiência dele em eleições, sabe q não tem a menor chance de ir pro 2º turno! E dizer q não apoiaria o Lula, deixou claro q apoiará Bolsonaro (mesmo indo novamente pra Paris)!
O rancor faz isso, afunda as pessoas!
Todos prontos para começar a partida? #Heineken0.0 #BrindarSemÁlcool #ProdutoDestinadoaAdultos
A glória do passado, pode de tornar uma maldição no presente ! 
Acorda presidente LAndim !
EUA sanciona russos por interferência nas eleições americanas
 Circula nas redes sociais uma suposta foto do candidato à presidência da Colômbia Gustavo Petro junto com o narcotraficante Pablo Escobar. 

 No entanto, a foto é uma montagem. 

Veja 
Daniella Marques foi nomeada por Bolsonaro como nova presidente da Caixa, em substituição a Pedro Guimarães, que pediu demissão após denúncias de assédio sexual. @ECantanhede comenta no #EmPauta: http://glo.bo/3y6NLrC #GloboNews
Comeu o cool do menino com areia e caco de vidro presidente? 
